underlying,option_style,contract_symbol,option_type,quote_date,underlying_price,strike,expiry_date,risk_free_rate,dividend_yield,vendor_implied_volatility,market_option_price,bid,ask,bid_ask_spread,volume,open_interest,data_source,implied_volatility,iv_solvable
NDX,european,NDXP260814C29000000,call,2026-08-13,29742.599609375,29000.0,2026-08-14,0.03707000017166138,0.007,1.0000000000000003e-05,748.2,0.0,0.0,0.0,6.0,0.0,yahoo,0.24307272156394405,True
NDX,european,NDXP260814C29200000,call,2026-08-13,29742.599609375,29200.0,2026-08-14,0.03707000017166138,0.007,1.0000000000000003e-05,594.05,0.0,0.0,0.0,10.0,0.0,yahoo,0.3629803417709418,True
NDX,european,NDXP260814C29225000,call,2026-08-13,29742.599609375,29225.0,2026-08-14,0.03707000017166138,0.007,1.0000000000000003e-05,570.65,0.0,0.0,0.0,10.0,0.0,yahoo,0.35608945197953656,True
NDX,european,NDXP260814C29425000,call,2026-08-13,29742.599609375,29425.0,2026-08-14,0.03707000017166138,0.007,1.0000000000000003e-05,471.68,0.0,0.0,0.0,6.0,0.0,yahoo,0.45878395889754786,True
NDX,european,NDXP260814C29450000,call,2026-08-13,29742.599609375,29450.0,2026-08-14,0.03707000017166138,0.007,1.0000000000000003e-05,445.54,0.0,0.0,0.0,6.0,0.0,yahoo,0.4418550613337356,True
NDX,european,NDXP260814C29650000,call,2026-08-13,29742.599609375,29650.0,2026-08-14,0.03707000017166138,0.007,1.0000000000000003e-05,246.25,0.0,0.0,0.0,28.0,0.0,yahoo,0.3145759297112922,True
NDX,european,NDXP260814C29675000,call,2026-08-13,29742.599609375,29675.0,2026-08-14,0.03707000017166138,0.007,1.0000000000000003e-05,242.33,0.0,0.0,0.0,19.0,0.0,yahoo,0.33113606956141556,True
NDX,european,NDXP260814C29750000,call,2026-08-13,29742.599609375,29750.0,2026-08-14,0.03707000017166138,0.007,0.000986552734375,145.5,0.0,0.0,0.0,29.0,0.0,yahoo,0.2382217301299533,True
NDX,european,NDXP260814C29800000,call,2026-08-13,29742.599609375,29800.0,2026-08-14,0.03707000017166138,0.007,0.0039162109375,127.27,0.0,0.0,0.0,48.0,0.0,yahoo,0.24641102148288802,True
NDX,european,NDXP260814C29825000,call,2026-08-13,29742.599609375,29825.0,2026-08-14,0.03707000017166138,0.007,0.007822421875,115.16,0.0,0.0,0.0,13.0,0.0,yahoo,0.24408276317700037,True
NDX,european,NDXP260814C29850000,call,2026-08-13,29742.599609375,29850.0,2026-08-14,0.03707000017166138,0.007,0.007822421875,135.8,0.0,0.0,0.0,30.0,0.0,yahoo,0.29496920606540405,True
NDX,european,NDXP260814C29900000,call,2026-08-13,29742.599609375,29900.0,2026-08-14,0.03707000017166138,0.007,0.015634843750000002,94.5,0.0,0.0,0.0,35.0,0.0,yahoo,0.2572588338965641,True
NDX,european,NDXP260814C29925000,call,2026-08-13,29742.599609375,29925.0,2026-08-14,0.03707000017166138,0.007,0.015634843750000002,121.8,0.0,0.0,0.0,5.0,0.0,yahoo,0.31938573160558387,True
NDX,european,NDXP260814C29950000,call,2026-08-13,29742.599609375,29950.0,2026-08-14,0.03707000017166138,0.007,0.015634843750000002,60.55,0.0,0.0,0.0,29.0,0.0,yahoo,0.2242673919925724,True
NDX,european,NDXP260814C29975000,call,2026-08-13,29742.599609375,29975.0,2026-08-14,0.03707000017166138,0.007,0.015634843750000002,56.6,0.0,0.0,0.0,14.0,0.0,yahoo,0.22958911203034482,True
NDX,european,NDXP260814C30000000,call,2026-08-13,29742.599609375,30000.0,2026-08-14,0.03707000017166138,0.007,0.015634843750000002,58.2,0.0,0.0,0.0,36.0,0.0,yahoo,0.24541126399543925,True
NDX,european,NDXP260814C30025000,call,2026-08-13,29742.599609375,30025.0,2026-08-14,0.03707000017166138,0.007,0.0312596875,42.35,0.0,0.0,0.0,10.0,0.0,yahoo,0.22434964030027432,True
NDX,european,NDXP260814C30100000,call,2026-08-13,29742.599609375,30100.0,2026-08-14,0.03707000017166138,0.007,0.0312596875,28.4,0.0,0.0,0.0,23.0,0.0,yahoo,0.22352422599171354,True
NDX,european,NDXP260814C30150000,call,2026-08-13,29742.599609375,30150.0,2026-08-14,0.03707000017166138,0.007,0.0312596875,20.3,0.0,0.0,0.0,68.0,0.0,yahoo,0.21972064440221242,True
NDX,european,NDXP260814C30200000,call,2026-08-13,29742.599609375,30200.0,2026-08-14,0.03707000017166138,0.007,0.0312596875,16.0,0.0,0.0,0.0,14.0,0.0,yahoo,0.22333158573505782,True
NDX,european,NDXP260814C30250000,call,2026-08-13,29742.599609375,30250.0,2026-08-14,0.03707000017166138,0.007,0.0312596875,9.8,0.0,0.0,0.0,34.0,0.0,yahoo,0.21408445438572507,True
NDX,european,NDXP260814C30300000,call,2026-08-13,29742.599609375,30300.0,2026-08-14,0.03707000017166138,0.007,0.062509375,6.5,0.0,0.0,0.0,46.0,0.0,yahoo,0.21124532179481662,True
NDX,european,NDXP260814C30350000,call,2026-08-13,29742.599609375,30350.0,2026-08-14,0.03707000017166138,0.007,0.062509375,4.4,0.0,0.0,0.0,10.0,0.0,yahoo,0.21041692295605402,True
NDX,european,NDXP260814C30375000,call,2026-08-13,29742.599609375,30375.0,2026-08-14,0.03707000017166138,0.007,0.062509375,3.0,0.0,0.0,0.0,8.0,0.0,yahoo,0.20389355432212053,True
NDX,european,NDXP260814C30400000,call,2026-08-13,29742.599609375,30400.0,2026-08-14,0.03707000017166138,0.007,0.062509375,2.4,0.0,0.0,0.0,65.0,0.0,yahoo,0.20336925188595356,True
NDX,european,NDXP260814C30450000,call,2026-08-13,29742.599609375,30450.0,2026-08-14,0.03707000017166138,0.007,0.062509375,2.5,0.0,0.0,0.0,15.0,0.0,yahoo,0.21762910524456044,True
NDX,european,NDXP260814C30500000,call,2026-08-13,29742.599609375,30500.0,2026-08-14,0.03707000017166138,0.007,0.062509375,1.65,0.0,0.0,0.0,71.0,0.0,yahoo,0.21717577451953063,True
NDX,european,NDXP260814C30550000,call,2026-08-13,29742.599609375,30550.0,2026-08-14,0.03707000017166138,0.007,0.062509375,0.9,0.0,0.0,0.0,6.0,0.0,yahoo,0.21220875393529084,True
NDX,european,NDXP260814C30600000,call,2026-08-13,29742.599609375,30600.0,2026-08-14,0.03707000017166138,0.007,0.062509375,0.5,0.0,0.0,0.0,6.0,0.0,yahoo,0.20908440343914986,True
NDX,european,NDXP260814C30650000,call,2026-08-13,29742.599609375,30650.0,2026-08-14,0.03707000017166138,0.007,0.062509375,0.35,0.0,0.0,0.0,12.0,0.0,yahoo,0.21174364792238196,True
NDX,european,NDXP260814C30750000,call,2026-08-13,29742.599609375,30750.0,2026-08-14,0.03707000017166138,0.007,0.062509375,0.25,0.0,0.0,0.0,7.0,0.0,yahoo,0.22480919479732653,True
NDX,european,NDXP260814C30850000,call,2026-08-13,29742.599609375,30850.0,2026-08-14,0.03707000017166138,0.007,0.062509375,0.25,0.0,0.0,0.0,5.0,0.0,yahoo,0.24458036040904435,True
NDX,european,NDXP260814C31000000,call,2026-08-13,29742.599609375,31000.0,2026-08-14,0.03707000017166138,0.007,0.12500875,0.1,0.0,0.0,0.0,14.0,0.0,yahoo,0.2530562064192433,True
NDX,european,NDXP260814C31500000,call,2026-08-13,29742.599609375,31500.0,2026-08-14,0.03707000017166138,0.007,0.12500875,1.3,0.0,0.0,0.0,23.0,0.0,yahoo,0.4341771068902493,True
NDX,european,NDXP260814C31800000,call,2026-08-13,29742.599609375,31800.0,2026-08-14,0.03707000017166138,0.007,0.12500875,2.02,0.0,0.0,0.0,8.0,0.0,yahoo,0.5227945526161606,True
NDX,european,NDXP260814C33200000,call,2026-08-13,29742.599609375,33200.0,2026-08-14,0.03707000017166138,0.007,0.2500075,0.42,0.0,0.0,0.0,12.0,0.0,yahoo,0.6970344324383683,True
NDX,european,NDXP260814C33400000,call,2026-08-13,29742.599609375,33400.0,2026-08-14,0.03707000017166138,0.007,0.2500075,1.28,0.0,0.0,0.0,5.0,0.0,yahoo,0.8107197531773381,True
NDX,european,NDXP260814P19000000,put,2026-08-13,29742.599609375,19000.0,2026-08-14,0.03707000017166138,0.007,0.500005,8.9,0.0,0.0,0.0,8.0,0.0,yahoo,3.442866525222251,True
NDX,european,NDXP260814P21500000,put,2026-08-13,29742.599609375,21500.0,2026-08-14,0.03707000017166138,0.007,0.500005,0.45,0.0,0.0,0.0,10.0,0.0,yahoo,1.930036953973371,True
NDX,european,NDXP260814P22000000,put,2026-08-13,29742.599609375,22000.0,2026-08-14,0.03707000017166138,0.007,0.500005,0.48,0.0,0.0,0.0,8.0,0.0,yahoo,1.8110653565886115,True
NDX,european,NDXP260814P24400000,put,2026-08-13,29742.599609375,24400.0,2026-08-14,0.03707000017166138,0.007,0.500005,0.8,0.0,0.0,0.0,7.0,0.0,yahoo,1.2795454198534577,True
NDX,european,NDXP260814P24500000,put,2026-08-13,29742.599609375,24500.0,2026-08-14,0.03707000017166138,0.007,0.500005,1.16,0.0,0.0,0.0,7.0,0.0,yahoo,1.2982945682502989,True
NDX,european,NDXP260814P24800000,put,2026-08-13,29742.599609375,24800.0,2026-08-14,0.03707000017166138,0.007,0.500005,20.1,0.0,0.0,0.0,8.0,0.0,yahoo,1.725653796330865,True
NDX,european,NDXP260814P26400000,put,2026-08-13,29742.599609375,26400.0,2026-08-14,0.03707000017166138,0.007,0.2500075,1.1,0.0,0.0,0.0,8.0,0.0,yahoo,0.8293375699388065,True
NDX,european,NDXP260814P26450000,put,2026-08-13,29742.599609375,26450.0,2026-08-14,0.03707000017166138,0.007,0.2500075,4.1,0.0,0.0,0.0,22.0,0.0,yahoo,0.9454483527754797,True
NDX,european,NDXP260814P26550000,put,2026-08-13,29742.599609375,26550.0,2026-08-14,0.03707000017166138,0.007,0.2500075,4.26,0.0,0.0,0.0,22.0,0.0,yahoo,0.922950426181177,True
NDX,european,NDXP260814P26625000,put,2026-08-13,29742.599609375,26625.0,2026-08-14,0.03707000017166138,0.007,0.2500075,4.8,0.0,0.0,0.0,136.0,0.0,yahoo,0.9165121276400677,True
NDX,european,NDXP260814P26800000,put,2026-08-13,29742.599609375,26800.0,2026-08-14,0.03707000017166138,0.007,0.2500075,0.62,0.0,0.0,0.0,6.0,0.0,yahoo,0.6944915323829737,True
NDX,european,NDXP260814P27050000,put,2026-08-13,29742.599609375,27050.0,2026-08-14,0.03707000017166138,0.007,0.2500075,5.9,0.0,0.0,0.0,46.0,0.0,yahoo,0.8231984164769007,True
NDX,european,NDXP260814P27250000,put,2026-08-13,29742.599609375,27250.0,2026-08-14,0.03707000017166138,0.007,0.2500075,8.5,0.0,0.0,0.0,753.0,0.0,yahoo,0.8091325018371651,True
NDX,european,NDXP260814P27300000,put,2026-08-13,29742.599609375,27300.0,2026-08-14,0.03707000017166138,0.007,0.2500075,4.6,0.0,0.0,0.0,5.0,0.0,yahoo,0.7283512647179278,True
NDX,european,NDXP260814P27375000,put,2026-08-13,29742.599609375,27375.0,2026-08-14,0.03707000017166138,0.007,0.2500075,9.2,0.0,0.0,0.0,18.0,0.0,yahoo,0.7822488887912126,True
NDX,european,NDXP260814P27575000,put,2026-08-13,29742.599609375,27575.0,2026-08-14,0.03707000017166138,0.007,0.12500875,8.9,0.0,0.0,0.0,6.0,0.0,yahoo,0.7197813346317173,True
NDX,european,NDXP260814P27600000,put,2026-08-13,29742.599609375,27600.0,2026-08-14,0.03707000017166138,0.007,0.12500875,0.92,0.0,0.0,0.0,7.0,0.0,yahoo,0.5344481611792532,True
NDX,european,NDXP260814P27775000,put,2026-08-13,29742.599609375,27775.0,2026-08-14,0.03707000017166138,0.007,0.12500875,12.45,0.0,0.0,0.0,6.0,0.0,yahoo,0.6988583282211238,True
NDX,european,NDXP260814P27950000,put,2026-08-13,29742.599609375,27950.0,2026-08-14,0.03707000017166138,0.007,0.12500875,6.9,0.0,0.0,0.0,6.0,0.0,yahoo,0.5855111218680126,True
NDX,european,NDXP260814P28000000,put,2026-08-13,29742.599609375,28000.0,2026-08-14,0.03707000017166138,0.007,0.12500875,1.2,0.0,0.0,0.0,7.0,0.0,yahoo,0.454107718412952,True
NDX,european,NDXP260814P28075000,put,2026-08-13,29742.599609375,28075.0,2026-08-14,0.03707000017166138,0.007,0.12500875,19.4,0.0,0.0,0.0,8.0,0.0,yahoo,0.6592918924805982,True
NDX,european,NDXP260814P28250000,put,2026-08-13,29742.599609375,28250.0,2026-08-14,0.03707000017166138,0.007,0.12500875,8.2,0.0,0.0,0.0,31.0,0.0,yahoo,0.5134711100636841,True
NDX,european,NDXP260814P28275000,put,2026-08-13,29742.599609375,28275.0,2026-08-14,0.03707000017166138,0.007,0.12500875,8.7,0.0,0.0,0.0,30.0,0.0,yahoo,0.5111407860129368,True
NDX,european,NDXP260814P28325000,put,2026-08-13,29742.599609375,28325.0,2026-08-14,0.03707000017166138,0.007,0.12500875,30.05,0.0,0.0,0.0,9.0,0.0,yahoo,0.6345716653997121,True
NDX,european,NDXP260814P28350000,put,2026-08-13,29742.599609375,28350.0,2026-08-14,0.03707000017166138,0.007,0.12500875,2.08,0.0,0.0,0.0,23.0,0.0,yahoo,0.3956751310129291,True
NDX,european,NDXP260814P28400000,put,2026-08-13,29742.599609375,28400.0,2026-08-14,0.03707000017166138,0.007,0.12500875,1.1,0.0,0.0,0.0,160.0,0.0,yahoo,0.3544406390692426,True
NDX,european,NDXP260814P28450000,put,2026-08-13,29742.599609375,28450.0,2026-08-14,0.03707000017166138,0.007,0.12500875,2.43,0.0,0.0,0.0,26.0,0.0,yahoo,0.37783700018155403,True
NDX,european,NDXP260814P28500000,put,2026-08-13,29742.599609375,28500.0,2026-08-14,0.03707000017166138,0.007,0.12500875,2.15,0.0,0.0,0.0,722.0,0.0,yahoo,0.35896653210389134,True
NDX,european,NDXP260814P28550000,put,2026-08-13,29742.599609375,28550.0,2026-08-14,0.03707000017166138,0.007,0.12500875,46.9,0.0,0.0,0.0,7.0,0.0,yahoo,0.6214903234418795,True
NDX,european,NDXP260814P28575000,put,2026-08-13,29742.599609375,28575.0,2026-08-14,0.03707000017166138,0.007,0.12500875,13.9,0.0,0.0,0.0,50.0,0.0,yahoo,0.45991183340736413,True
NDX,european,NDXP260814P28650000,put,2026-08-13,29742.599609375,28650.0,2026-08-14,0.03707000017166138,0.007,0.062509375,4.15,0.0,0.0,0.0,61.0,0.0,yahoo,0.3520530093203797,True
NDX,european,NDXP260814P28675000,put,2026-08-13,29742.599609375,28675.0,2026-08-14,0.03707000017166138,0.007,0.062509375,5.86,0.0,0.0,0.0,55.0,0.0,yahoo,0.3646941101122452,True
NDX,european,NDXP260814P28750000,put,2026-08-13,29742.599609375,28750.0,2026-08-14,0.03707000017166138,0.007,0.062509375,5.5,0.0,0.0,0.0,5.0,0.0,yahoo,0.3392145162367771,True
NDX,european,NDXP260814P28775000,put,2026-08-13,29742.599609375,28775.0,2026-08-14,0.03707000017166138,0.007,0.062509375,7.34,0.0,0.0,0.0,5.0,0.0,yahoo,0.34895948382668207,True
NDX,european,NDXP260814P28800000,put,2026-08-13,29742.599609375,28800.0,2026-08-14,0.03707000017166138,0.007,0.062509375,5.7,0.0,0.0,0.0,11.0,0.0,yahoo,0.3266506606809685,True
NDX,european,NDXP260814P28850000,put,2026-08-13,29742.599609375,28850.0,2026-08-14,0.03707000017166138,0.007,0.062509375,6.15,0.0,0.0,0.0,20.0,0.0,yahoo,0.3161244882612362,True
NDX,european,NDXP260814P28875000,put,2026-08-13,29742.599609375,28875.0,2026-08-14,0.03707000017166138,0.007,0.062509375,6.4,0.0,0.0,0.0,13.0,0.0,yahoo,0.3108763969937241,True
NDX,european,NDXP260814P28900000,put,2026-08-13,29742.599609375,28900.0,2026-08-14,0.03707000017166138,0.007,0.062509375,7.3,0.0,0.0,0.0,24.0,0.0,yahoo,0.3107258543849145,True
NDX,european,NDXP260814P28925000,put,2026-08-13,29742.599609375,28925.0,2026-08-14,0.03707000017166138,0.007,0.062509375,13.0,0.0,0.0,0.0,8.0,0.0,yahoo,0.3400674071785384,True
NDX,european,NDXP260814P28950000,put,2026-08-13,29742.599609375,28950.0,2026-08-14,0.03707000017166138,0.007,0.062509375,8.56,0.0,0.0,0.0,12.0,0.0,yahoo,0.30453105503532385,True
NDX,european,NDXP260814P28975000,put,2026-08-13,29742.599609375,28975.0,2026-08-14,0.03707000017166138,0.007,0.062509375,15.0,0.0,0.0,0.0,5.0,0.0,yahoo,0.33385890845127386,True
NDX,european,NDXP260814P29000000,put,2026-08-13,29742.599609375,29000.0,2026-08-14,0.03707000017166138,0.007,0.062509375,9.15,0.0,0.0,0.0,90.0,0.0,yahoo,0.29264896017165376,True
NDX,european,NDXP260814P29050000,put,2026-08-13,29742.599609375,29050.0,2026-08-14,0.03707000017166138,0.007,0.062509375,12.1,0.0,0.0,0.0,8.0,0.0,yahoo,0.2935126925856733,True
NDX,european,NDXP260814P29075000,put,2026-08-13,29742.599609375,29075.0,2026-08-14,0.03707000017166138,0.007,0.062509375,105.7,0.0,0.0,0.0,5.0,0.0,yahoo,0.5553363678244655,True
NDX,european,NDXP260814P29100000,put,2026-08-13,29742.599609375,29100.0,2026-08-14,0.03707000017166138,0.007,0.062509375,16.0,0.0,0.0,0.0,60.0,0.0,yahoo,0.29526991267001007,True
NDX,european,NDXP260814P29125000,put,2026-08-13,29742.599609375,29125.0,2026-08-14,0.03707000017166138,0.007,0.062509375,15.57,0.0,0.0,0.0,7.0,0.0,yahoo,0.28454822294975296,True
NDX,european,NDXP260814P29150000,put,2026-08-13,29742.599609375,29150.0,2026-08-14,0.03707000017166138,0.007,0.062509375,17.0,0.0,0.0,0.0,14.0,0.0,yahoo,0.2817771451425885,True
NDX,european,NDXP260814P29200000,put,2026-08-13,29742.599609375,29200.0,2026-08-14,0.03707000017166138,0.007,0.0312596875,22.0,0.0,0.0,0.0,712.0,0.0,yahoo,0.282467153383476,True
NDX,european,NDXP260814P29225000,put,2026-08-13,29742.599609375,29225.0,2026-08-14,0.03707000017166138,0.007,0.0312596875,21.2,0.0,0.0,0.0,23.0,0.0,yahoo,0.2701370132182445,True
NDX,european,NDXP260814P29250000,put,2026-08-13,29742.599609375,29250.0,2026-08-14,0.03707000017166138,0.007,0.0312596875,23.16,0.0,0.0,0.0,33.0,0.0,yahoo,0.2672628756106692,True
NDX,european,NDXP260814P29300000,put,2026-08-13,29742.599609375,29300.0,2026-08-14,0.03707000017166138,0.007,0.0312596875,29.52,0.0,0.0,0.0,18.0,0.0,yahoo,0.2669986064119973,True
NDX,european,NDXP260814P29400000,put,2026-08-13,29742.599609375,29400.0,2026-08-14,0.03707000017166138,0.007,0.0312596875,43.0,0.0,0.0,0.0,26.0,0.0,yahoo,0.2584319324068334,True
NDX,european,NDXP260814P29425000,put,2026-08-13,29742.599609375,29425.0,2026-08-14,0.03707000017166138,0.007,0.0312596875,163.4,0.0,0.0,0.0,5.0,0.0,yahoo,0.4797235124254285,True
NDX,european,NDXP260814P29450000,put,2026-08-13,29742.599609375,29450.0,2026-08-14,0.03707000017166138,0.007,0.0312596875,46.08,0.0,0.0,0.0,72.0,0.0,yahoo,0.2419502767508672,True
NDX,european,NDXP260814P29500000,put,2026-08-13,29742.599609375,29500.0,2026-08-14,0.03707000017166138,0.007,0.015634843750000002,65.0,0.0,0.0,0.0,22.0,0.0,yahoo,0.25585687529063633,True
NDX,european,NDXP260814P29525000,put,2026-08-13,29742.599609375,29525.0,2026-08-14,0.03707000017166138,0.007,0.015634843750000002,68.9,0.0,0.0,0.0,7.0,0.0,yahoo,0.24993768653375187,True
NDX,european,NDXP260814P29550000,put,2026-08-13,29742.599609375,29550.0,2026-08-14,0.03707000017166138,0.007,0.015634843750000002,66.15,0.0,0.0,0.0,8.0,0.0,yahoo,0.23102073157731234,True
NDX,european,NDXP260814P29600000,put,2026-08-13,29742.599609375,29600.0,2026-08-14,0.03707000017166138,0.007,0.015634843750000002,81.8,0.0,0.0,0.0,23.0,0.0,yahoo,0.23041099168471224,True
NDX,european,NDXP260814P29625000,put,2026-08-13,29742.599609375,29625.0,2026-08-14,0.03707000017166138,0.007,0.007822421875,98.15,0.0,0.0,0.0,10.0,0.0,yahoo,0.24301217507348863,True
NDX,european,NDXP260814P29650000,put,2026-08-13,29742.599609375,29650.0,2026-08-14,0.03707000017166138,0.007,0.007822421875,102.5,0.0,0.0,0.0,13.0,0.0,yahoo,0.23399861262702992,True
NDX,european,NDXP260814P29700000,put,2026-08-13,29742.599609375,29700.0,2026-08-14,0.03707000017166138,0.007,0.0039162109375,130.0,0.0,0.0,0.0,14.0,0.0,yahoo,0.24405608024018977,True
NDX,european,NDXP260814P29750000,put,2026-08-13,29742.599609375,29750.0,2026-08-14,0.03707000017166138,0.007,1.0000000000000003e-05,147.4,0.0,0.0,0.0,8.0,0.0,yahoo,0.23331147577792127,True
NDX,european,NDXP260814P29800000,put,2026-08-13,29742.599609375,29800.0,2026-08-14,0.03707000017166138,0.007,1.0000000000000003e-05,155.87,0.0,0.0,0.0,79.0,0.0,yahoo,0.20350237971786572,True
NDX,european,NDXP260814P29850000,put,2026-08-13,29742.599609375,29850.0,2026-08-14,0.03707000017166138,0.007,1.0000000000000003e-05,171.4,0.0,0.0,0.0,6.0,0.0,yahoo,0.17863297150625768,True
NDX,european,NDXP260814P31500000,put,2026-08-13,29742.599609375,31500.0,2026-08-14,0.03707000017166138,0.007,1.0000000000000003e-05,1933.31,0.0,0.0,0.0,15.0,0.0,yahoo,1.1759615699872012,True
NDX,european,NDXP260817C29625000,call,2026-08-13,29742.599609375,29625.0,2026-08-17,0.03707000017166138,0.007,1.0000000000000003e-05,315.65,0.0,0.0,0.0,11.0,0.0,yahoo,0.1991040226099042,True
NDX,european,NDXP260817C29650000,call,2026-08-13,29742.599609375,29650.0,2026-08-17,0.03707000017166138,0.007,1.0000000000000003e-05,299.44,0.0,0.0,0.0,22.0,0.0,yahoo,0.19748717098384422,True
NDX,european,NDXP260817C29750000,call,2026-08-13,29742.599609375,29750.0,2026-08-17,0.03707000017166138,0.007,0.0004982763671875,213.0,0.0,0.0,0.0,6.0,0.0,yahoo,0.17053129320621144,True
NDX,european,NDXP260817C30500000,call,2026-08-13,29742.599609375,30500.0,2026-08-17,0.03707000017166138,0.007,0.0312596875,5.9,0.0,0.0,0.0,18.0,0.0,yahoo,0.13159482155800015,True
NDX,european,NDXP260817C30550000,call,2026-08-13,29742.599609375,30550.0,2026-08-17,0.03707000017166138,0.007,0.0312596875,4.1,0.0,0.0,0.0,7.0,0.0,yahoo,0.13030551381776104,True
NDX,european,NDXP260817C30600000,call,2026-08-13,29742.599609375,30600.0,2026-08-17,0.03707000017166138,0.007,0.0312596875,2.7,0.0,0.0,0.0,9.0,0.0,yahoo,0.12842071596074364,True
NDX,european,NDXP260817C30700000,call,2026-08-13,29742.599609375,30700.0,2026-08-17,0.03707000017166138,0.007,0.062509375,1.15,0.0,0.0,0.0,9.0,0.0,yahoo,0.1258430882947158,True
NDX,european,NDXP260817C30800000,call,2026-08-13,29742.599609375,30800.0,2026-08-17,0.03707000017166138,0.007,0.062509375,0.6,0.0,0.0,0.0,6.0,0.0,yahoo,0.12738054324206732,True
NDX,european,NDXP260817C31200000,call,2026-08-13,29742.599609375,31200.0,2026-08-17,0.03707000017166138,0.007,0.062509375,0.3,0.0,0.0,0.0,6.0,0.0,yahoo,0.15799611810407282,True
NDX,european,NDXP260817C33500000,call,2026-08-13,29742.599609375,33500.0,2026-08-17,0.03707000017166138,0.007,0.12500875,1.45,0.0,0.0,0.0,6.0,0.0,yahoo,0.4191533966204095,True
NDX,european,NDXP260817P19000000,put,2026-08-13,29742.599609375,19000.0,2026-08-17,0.03707000017166138,0.007,0.500005,5.73,0.0,0.0,0.0,7.0,0.0,yahoo,1.6400838004416214,True
NDX,european,NDXP260817P25600000,put,2026-08-13,29742.599609375,25600.0,2026-08-17,0.03707000017166138,0.007,0.2500075,42.32,0.0,0.0,0.0,5.0,0.0,yahoo,0.8362121753864555,True
NDX,european,NDXP260817P25800000,put,2026-08-13,29742.599609375,25800.0,2026-08-17,0.03707000017166138,0.007,0.2500075,3.4,0.0,0.0,0.0,32.0,0.0,yahoo,0.549164947952539,True
NDX,european,NDXP260817P26000000,put,2026-08-13,29742.599609375,26000.0,2026-08-17,0.03707000017166138,0.007,0.2500075,4.0,0.0,0.0,0.0,50.0,0.0,yahoo,0.5327119532652864,True
NDX,european,NDXP260817P26600000,put,2026-08-13,29742.599609375,26600.0,2026-08-17,0.03707000017166138,0.007,0.12500875,5.0,0.0,0.0,0.0,155.0,0.0,yahoo,0.465006159994084,True
NDX,european,NDXP260817P26625000,put,2026-08-13,29742.599609375,26625.0,2026-08-17,0.03707000017166138,0.007,0.12500875,4.2,0.0,0.0,0.0,35.0,0.0,yahoo,0.4514459452370347,True
NDX,european,NDXP260817P27000000,put,2026-08-13,29742.599609375,27000.0,2026-08-17,0.03707000017166138,0.007,0.12500875,6.0,0.0,0.0,0.0,60.0,0.0,yahoo,0.4204618475445754,True
NDX,european,NDXP260817P27300000,put,2026-08-13,29742.599609375,27300.0,2026-08-17,0.03707000017166138,0.007,0.12500875,7.0,0.0,0.0,0.0,13.0,0.0,yahoo,0.3870283104378331,True
NDX,european,NDXP260817P27750000,put,2026-08-13,29742.599609375,27750.0,2026-08-17,0.03707000017166138,0.007,0.12500875,9.52,0.0,0.0,0.0,8.0,0.0,yahoo,0.3388724936822483,True
NDX,european,NDXP260817P27875000,put,2026-08-13,29742.599609375,27875.0,2026-08-17,0.03707000017166138,0.007,0.12500875,13.46,0.0,0.0,0.0,5.0,0.0,yahoo,0.33976316417827823,True
NDX,european,NDXP260817P27900000,put,2026-08-13,29742.599609375,27900.0,2026-08-17,0.03707000017166138,0.007,0.12500875,13.84,0.0,0.0,0.0,9.0,0.0,yahoo,0.3375521840698987,True
NDX,european,NDXP260817P27925000,put,2026-08-13,29742.599609375,27925.0,2026-08-17,0.03707000017166138,0.007,0.12500875,14.23,0.0,0.0,0.0,7.0,0.0,yahoo,0.33532607022963345,True
NDX,european,NDXP260817P28025000,put,2026-08-13,29742.599609375,28025.0,2026-08-17,0.03707000017166138,0.007,0.062509375,21.27,0.0,0.0,0.0,6.0,0.0,yahoo,0.3452385275825436,True
NDX,european,NDXP260817P28100000,put,2026-08-13,29742.599609375,28100.0,2026-08-17,0.03707000017166138,0.007,0.062509375,575.0,0.0,0.0,0.0,22.0,0.0,yahoo,1.0178700958046316,True
NDX,european,NDXP260817P28200000,put,2026-08-13,29742.599609375,28200.0,2026-08-17,0.03707000017166138,0.007,0.062509375,20.1,0.0,0.0,0.0,21.0,0.0,yahoo,0.3124643809532746,True
NDX,european,NDXP260817P28250000,put,2026-08-13,29742.599609375,28250.0,2026-08-17,0.03707000017166138,0.007,0.062509375,3.8,0.0,0.0,0.0,7.0,0.0,yahoo,0.22912002557027328,True
NDX,european,NDXP260817P28300000,put,2026-08-13,29742.599609375,28300.0,2026-08-17,0.03707000017166138,0.007,0.062509375,5.5,0.0,0.0,0.0,5.0,0.0,yahoo,0.2348549905137856,True
NDX,european,NDXP260817P28375000,put,2026-08-13,29742.599609375,28375.0,2026-08-17,0.03707000017166138,0.007,0.062509375,28.75,0.0,0.0,0.0,19.0,0.0,yahoo,0.30649759987822967,True
NDX,european,NDXP260817P28400000,put,2026-08-13,29742.599609375,28400.0,2026-08-17,0.03707000017166138,0.007,0.062509375,5.7,0.0,0.0,0.0,10.0,0.0,yahoo,0.22196083214326018,True
NDX,european,NDXP260817P28500000,put,2026-08-13,29742.599609375,28500.0,2026-08-17,0.03707000017166138,0.007,0.062509375,6.92,0.0,0.0,0.0,5.0,0.0,yahoo,0.21437456938703595,True
NDX,european,NDXP260817P28850000,put,2026-08-13,29742.599609375,28850.0,2026-08-17,0.03707000017166138,0.007,0.062509375,15.9,0.0,0.0,0.0,6.0,0.0,yahoo,0.19169116700370445,True
NDX,european,NDXP260817P28900000,put,2026-08-13,29742.599609375,28900.0,2026-08-17,0.03707000017166138,0.007,0.0312596875,19.25,0.0,0.0,0.0,7.0,0.0,yahoo,0.19142840398410121,True
NDX,european,NDXP260817P29450000,put,2026-08-13,29742.599609375,29450.0,2026-08-17,0.03707000017166138,0.007,0.015634843750000002,82.8,0.0,0.0,0.0,5.0,0.0,yahoo,0.16053409196590138,True
NDX,european,NDXP260818C29500000,call,2026-08-13,29742.599609375,29500.0,2026-08-18,0.03707000017166138,0.007,1.0000000000000003e-05,419.5,0.0,0.0,0.0,8.0,0.0,yahoo,0.19778908477941815,True
NDX,european,NDXP260818C29550000,call,2026-08-13,29742.599609375,29550.0,2026-08-18,0.03707000017166138,0.007,1.0000000000000003e-05,376.49,0.0,0.0,0.0,15.0,0.0,yahoo,0.18894044087138043,True
NDX,european,NDXP260818C29600000,call,2026-08-13,29742.599609375,29600.0,2026-08-18,0.03707000017166138,0.007,1.0000000000000003e-05,235.0,0.0,0.0,0.0,14.0,0.0,yahoo,0.10442463123802605,True
NDX,european,NDXP260818C29700000,call,2026-08-13,29742.599609375,29700.0,2026-08-18,0.03707000017166138,0.007,1.0000000000000003e-05,302.0,0.0,0.0,0.0,7.0,0.0,yahoo,0.19729716137863929,True
NDX,european,NDXP260818C29750000,call,2026-08-13,29742.599609375,29750.0,2026-08-18,0.03707000017166138,0.007,0.0004982763671875,246.8,0.0,0.0,0.0,5.0,0.0,yahoo,0.17599458114174935,True
NDX,european,NDXP260818C29900000,call,2026-08-13,29742.599609375,29900.0,2026-08-18,0.03707000017166138,0.007,0.007822421875,189.55,0.0,0.0,0.0,251.0,0.0,yahoo,0.18359445335803626,True
NDX,european,NDXP260818C30000000,call,2026-08-13,29742.599609375,30000.0,2026-08-18,0.03707000017166138,0.007,0.015634843750000002,123.97,0.0,0.0,0.0,7.0,0.0,yahoo,0.16182243074165148,True
NDX,european,NDXP260818C31000000,call,2026-08-13,29742.599609375,31000.0,2026-08-18,0.03707000017166138,0.007,0.062509375,0.85,0.0,0.0,0.0,22.0,0.0,yahoo,0.13759712761020762,True
NDX,european,NDXP260818P26200000,put,2026-08-13,29742.599609375,26200.0,2026-08-18,0.03707000017166138,0.007,0.12500875,1.85,0.0,0.0,0.0,100.0,0.0,yahoo,0.41466087533335766,True
NDX,european,NDXP260818P26400000,put,2026-08-13,29742.599609375,26400.0,2026-08-18,0.03707000017166138,0.007,0.12500875,4.11,0.0,0.0,0.0,12.0,0.0,yahoo,0.4300156740006021,True
NDX,european,NDXP260818P27000000,put,2026-08-13,29742.599609375,27000.0,2026-08-18,0.03707000017166138,0.007,0.12500875,2.0,0.0,0.0,0.0,100.0,0.0,yahoo,0.32836610459972077,True
NDX,european,NDXP260818P27800000,put,2026-08-13,29742.599609375,27800.0,2026-08-18,0.03707000017166138,0.007,0.062509375,11.65,0.0,0.0,0.0,9.0,0.0,yahoo,0.306874020393945,True
NDX,european,NDXP260818P28125000,put,2026-08-13,29742.599609375,28125.0,2026-08-18,0.03707000017166138,0.007,0.062509375,45.35,0.0,0.0,0.0,6.0,0.0,yahoo,0.3490369842848809,True
NDX,european,NDXP260818P28175000,put,2026-08-13,29742.599609375,28175.0,2026-08-18,0.03707000017166138,0.007,0.062509375,47.8,0.0,0.0,0.0,6.0,0.0,yahoo,0.3452428741260621,True
NDX,european,NDXP260818P28300000,put,2026-08-13,29742.599609375,28300.0,2026-08-18,0.03707000017166138,0.007,0.062509375,33.15,0.0,0.0,0.0,5.0,0.0,yahoo,0.2959183098438318,True
NDX,european,NDXP260818P28350000,put,2026-08-13,29742.599609375,28350.0,2026-08-18,0.03707000017166138,0.007,0.062509375,28.75,0.0,0.0,0.0,5.0,0.0,yahoo,0.27845576544305006,True
NDX,european,NDXP260818P28775000,put,2026-08-13,29742.599609375,28775.0,2026-08-18,0.03707000017166138,0.007,0.062509375,29.74,0.0,0.0,0.0,25.0,0.0,yahoo,0.21205945785056363,True
NDX,european,NDXP260818P29000000,put,2026-08-13,29742.599609375,29000.0,2026-08-18,0.03707000017166138,0.007,0.0312596875,33.97,0.0,0.0,0.0,6.0,0.0,yahoo,0.18099409115676557,True
NDX,european,NDXP260818P29500000,put,2026-08-13,29742.599609375,29500.0,2026-08-18,0.03707000017166138,0.007,0.015634843750000002,123.3,0.0,0.0,0.0,13.0,0.0,yahoo,0.1652068609095432,True
NDX,european,NDXP260818P29700000,put,2026-08-13,29742.599609375,29700.0,2026-08-18,0.03707000017166138,0.007,0.00196310546875,360.0,0.0,0.0,0.0,11.0,0.0,yahoo,0.2788139061167963,True
NDX,european,NDXP260819C29800000,call,2026-08-13,29742.599609375,29800.0,2026-08-19,0.03707000017166138,0.007,0.0039162109375,259.17,0.0,0.0,0.0,9.0,0.0,yahoo,0.18393679350564568,True
NDX,european,NDXP260819C30350000,call,2026-08-13,29742.599609375,30350.0,2026-08-19,0.03707000017166138,0.007,0.0312596875,80.75,0.0,0.0,0.0,26.0,0.0,yahoo,0.1847868489923059,True
NDX,european,NDXP260819C31000000,call,2026-08-13,29742.599609375,31000.0,2026-08-19,0.03707000017166138,0.007,0.062509375,1.8,0.0,0.0,0.0,23.0,0.0,yahoo,0.1370822246518061,True
NDX,european,NDXP260819P27100000,put,2026-08-13,29742.599609375,27100.0,2026-08-19,0.03707000017166138,0.007,0.12500875,3.02,0.0,0.0,0.0,15.0,0.0,yahoo,0.3041298427976112,True
NDX,european,NDXP260819P28000000,put,2026-08-13,29742.599609375,28000.0,2026-08-19,0.03707000017166138,0.007,0.062509375,9.87,0.0,0.0,0.0,76.0,0.0,yahoo,0.24843625926565147,True
NDX,european,NDXP260819P28150000,put,2026-08-13,29742.599609375,28150.0,2026-08-19,0.03707000017166138,0.007,0.062509375,10.25,0.0,0.0,0.0,7.0,0.0,yahoo,0.23156217424321468,True
NDX,european,NDXP260819P28250000,put,2026-08-13,29742.599609375,28250.0,2026-08-19,0.03707000017166138,0.007,0.062509375,33.02,0.0,0.0,0.0,5.0,0.0,yahoo,0.27754219445099704,True
NDX,european,NDXP260819P28425000,put,2026-08-13,29742.599609375,28425.0,2026-08-19,0.03707000017166138,0.007,0.062509375,16.25,0.0,0.0,0.0,9.0,0.0,yahoo,0.215465157436247,True
NDX,european,NDXP260819P28600000,put,2026-08-13,29742.599609375,28600.0,2026-08-19,0.03707000017166138,0.007,0.062509375,23.0,0.0,0.0,0.0,22.0,0.0,yahoo,0.2070956237416827,True
NDX,european,NDXP260819P28675000,put,2026-08-13,29742.599609375,28675.0,2026-08-19,0.03707000017166138,0.007,0.062509375,33.9,0.0,0.0,0.0,6.0,0.0,yahoo,0.2159269147943412,True
NDX,european,NDXP260819P28700000,put,2026-08-13,29742.599609375,28700.0,2026-08-19,0.03707000017166138,0.007,0.0312596875,35.4,0.0,0.0,0.0,5.0,0.0,yahoo,0.2145326719540371,True
NDX,european,NDXP260819P29825000,put,2026-08-13,29742.599609375,29825.0,2026-08-19,0.03707000017166138,0.007,1.0000000000000003e-05,262.9,0.0,0.0,0.0,10.0,0.0,yahoo,0.14937446208418753,True
NDX,european,NDXP260820C29850000,call,2026-08-13,29742.599609375,29850.0,2026-08-20,0.03707000017166138,0.007,0.0039162109375,332.6,0.0,0.0,0.0,6.0,0.0,yahoo,0.22849672077516472,True
NDX,european,NDXP260820C30000000,call,2026-08-13,29742.599609375,30000.0,2026-08-20,0.03707000017166138,0.007,0.007822421875,82.0,0.0,0.0,0.0,10.0,0.0,yahoo,0.10711568214540725,True
NDX,european,NDXP260820C30500000,call,2026-08-13,29742.599609375,30500.0,2026-08-20,0.03707000017166138,0.007,0.0312596875,56.2,0.0,0.0,0.0,5.0,0.0,yahoo,0.17195331868180835,True
NDX,european,NDXP260820C31000000,call,2026-08-13,29742.599609375,31000.0,2026-08-20,0.03707000017166138,0.007,0.062509375,17.35,0.0,0.0,0.0,5.0,0.0,yahoo,0.1828616166101278,True
NDX,european,NDXP260820C31050000,call,2026-08-13,29742.599609375,31050.0,2026-08-20,0.03707000017166138,0.007,0.062509375,15.35,0.0,0.0,0.0,5.0,0.0,yahoo,0.18391752800523004,True
NDX,european,NDXP260820P27700000,put,2026-08-13,29742.599609375,27700.0,2026-08-20,0.03707000017166138,0.007,0.062509375,18.8,0.0,0.0,0.0,7.0,0.0,yahoo,0.2953240585905803,True
NDX,european,NDXP260820P28175000,put,2026-08-13,29742.599609375,28175.0,2026-08-20,0.03707000017166138,0.007,0.062509375,43.57,0.0,0.0,0.0,17.0,0.0,yahoo,0.2857125502536061,True
NDX,european,NDXP260820P28200000,put,2026-08-13,29742.599609375,28200.0,2026-08-20,0.03707000017166138,0.007,0.062509375,45.03,0.0,0.0,0.0,17.0,0.0,yahoo,0.28453534278080617,True
NDX,european,NDX260821C23900000,call,2026-08-13,29742.599609375,23900.0,2026-08-21,0.03707000017166138,0.007,0.781976972732544,5891.6,5794.3,5988.9,194.59999999999945,5.0,5.0,yahoo,0.7805600589272781,True
NDX,european,NDX260821C28625000,call,2026-08-13,29742.599609375,28625.0,2026-08-21,0.03707000017166138,0.007,1.0000000000000003e-05,1317.01,0.0,0.0,0.0,5.0,0.0,yahoo,0.33690135683217753,True
NDX,european,NDX260821C28750000,call,2026-08-13,29742.599609375,28750.0,2026-08-21,0.03707000017166138,0.007,1.0000000000000003e-05,1118.48,0.0,0.0,0.0,8.0,0.0,yahoo,0.2546563845029655,True
NDX,european,NDX260821C29750000,call,2026-08-13,29742.599609375,29750.0,2026-08-21,0.03707000017166138,0.007,0.0004982763671875,330.0,0.0,0.0,0.0,7.0,0.0,yahoo,0.1844355108638123,True
NDX,european,NDX260821C29775000,call,2026-08-13,29742.599609375,29775.0,2026-08-21,0.03707000017166138,0.007,0.00196310546875,287.3,0.0,0.0,0.0,6.0,0.0,yahoo,0.1671557723450983,True
NDX,european,NDX260821C29800000,call,2026-08-13,29742.599609375,29800.0,2026-08-21,0.03707000017166138,0.007,0.00196310546875,313.68,0.0,0.0,0.0,51.0,0.0,yahoo,0.18903492010165598,True
NDX,european,NDX260821C29825000,call,2026-08-13,29742.599609375,29825.0,2026-08-21,0.03707000017166138,0.007,0.0039162109375,294.4,0.0,0.0,0.0,5.0,0.0,yahoo,0.18473933133719125,True
NDX,european,NDX260821C29850000,call,2026-08-13,29742.599609375,29850.0,2026-08-21,0.03707000017166138,0.007,0.0039162109375,267.6,0.0,0.0,0.0,7.0,0.0,yahoo,0.17595001594686735,True
NDX,european,NDX260821C29900000,call,2026-08-13,29742.599609375,29900.0,2026-08-21,0.03707000017166138,0.007,0.007822421875,241.9,0.0,0.0,0.0,13.0,0.0,yahoo,0.17372180926138314,True
NDX,european,NDX260821C29975000,call,2026-08-13,29742.599609375,29975.0,2026-08-21,0.03707000017166138,0.007,0.007822421875,196.5,0.0,0.0,0.0,5.0,0.0,yahoo,0.1648193944555786,True
NDX,european,NDX260821C30000000,call,2026-08-13,29742.599609375,30000.0,2026-08-21,0.03707000017166138,0.007,0.007822421875,191.5,0.0,0.0,0.0,13.0,0.0,yahoo,0.16741471240239109,True
NDX,european,NDXP260821C30150000,call,2026-08-13,29742.599609375,30150.0,2026-08-21,0.03707000017166138,0.007,0.015634843750000002,111.22,0.0,0.0,0.0,7.0,0.0,yahoo,0.14728907469015456,True
NDX,european,NDX260821C30400000,call,2026-08-13,29742.599609375,30400.0,2026-08-21,0.03707000017166138,0.007,0.0312596875,71.81,0.0,0.0,0.0,14.0,0.0,yahoo,0.15972412682494339,True
NDX,european,NDX260821C30450000,call,2026-08-13,29742.599609375,30450.0,2026-08-21,0.03707000017166138,0.007,0.0312596875,107.7,0.0,0.0,0.0,5.0,0.0,yahoo,0.19632728362686452,True
NDX,european,NDX260821C30500000,call,2026-08-13,29742.599609375,30500.0,2026-08-21,0.03707000017166138,0.007,0.0312596875,49.8,0.0,0.0,0.0,37.0,0.0,yahoo,0.15423685042724777,True
NDX,european,NDX260821C30625000,call,2026-08-13,29742.599609375,30625.0,2026-08-21,0.03707000017166138,0.007,0.0312596875,31.7,0.0,0.0,0.0,9.0,0.0,yahoo,0.1504359276095444,True
NDX,european,NDXP260821C30700000,call,2026-08-13,29742.599609375,30700.0,2026-08-21,0.03707000017166138,0.007,0.0312596875,31.05,0.0,0.0,0.0,9.0,0.0,yahoo,0.15886271690904563,True
NDX,european,NDX260821C30875000,call,2026-08-13,29742.599609375,30875.0,2026-08-21,0.03707000017166138,0.007,0.0312596875,82.5,0.0,0.0,0.0,44.0,0.0,yahoo,0.2384266873406077,True
NDX,european,NDX260821C30975000,call,2026-08-13,29742.599609375,30975.0,2026-08-21,0.03707000017166138,0.007,0.0312596875,11.97,0.0,0.0,0.0,10.0,0.0,yahoo,0.15611716263345235,True
NDX,european,NDX260821C31125000,call,2026-08-13,29742.599609375,31125.0,2026-08-21,0.03707000017166138,0.007,0.062509375,144.7,0.0,0.0,0.0,9.0,0.0,yahoo,0.32995536487230914,True
NDX,european,NDX260821C31150000,call,2026-08-13,29742.599609375,31150.0,2026-08-21,0.03707000017166138,0.007,0.062509375,139.4,0.0,0.0,0.0,6.0,0.0,yahoo,0.3290753070799163,True
NDX,european,NDX260821C31225000,call,2026-08-13,29742.599609375,31225.0,2026-08-21,0.03707000017166138,0.007,0.062509375,131.3,0.0,0.0,0.0,15.0,0.0,yahoo,0.3327347875807736,True
NDX,european,NDX260821C31275000,call,2026-08-13,29742.599609375,31275.0,2026-08-21,0.03707000017166138,0.007,0.062509375,29.2,0.0,0.0,0.0,27.0,0.0,yahoo,0.22270066028032157,True
NDX,european,NDX260821C31400000,call,2026-08-13,29742.599609375,31400.0,2026-08-21,0.03707000017166138,0.007,0.062509375,32.1,0.0,0.0,0.0,44.0,0.0,yahoo,0.24145293878047291,True
NDX,european,NDX260821C31475000,call,2026-08-13,29742.599609375,31475.0,2026-08-21,0.03707000017166138,0.007,0.062509375,93.3,0.0,0.0,0.0,5.0,0.0,yahoo,0.3296254492251727,True
NDX,european,NDX260821C31700000,call,2026-08-13,29742.599609375,31700.0,2026-08-21,0.03707000017166138,0.007,0.062509375,60.0,0.0,0.0,0.0,29.0,0.0,yahoo,0.3174651353848508,True
NDX,european,NDX260821C32100000,call,2026-08-13,29742.599609375,32100.0,2026-08-21,0.03707000017166138,0.007,0.062509375,40.0,0.0,0.0,0.0,10.0,0.0,yahoo,0.33069991938914756,True
NDX,european,NDXP260821C32200000,call,2026-08-13,29742.599609375,32200.0,2026-08-21,0.03707000017166138,0.007,0.062509375,1.86,0.0,0.0,0.0,12.0,0.0,yahoo,0.21154291122363772,True
NDX,european,NDX260821C32400000,call,2026-08-13,29742.599609375,32400.0,2026-08-21,0.03707000017166138,0.007,0.12500875,29.0,0.0,0.0,0.0,22.0,0.0,yahoo,0.33893268751113537,True
NDX,european,NDX260821C33800000,call,2026-08-13,29742.599609375,33800.0,2026-08-21,0.03707000017166138,0.007,0.12500875,2.3,0.0,0.0,0.0,150.0,0.0,yahoo,0.33098988280302977,True
NDX,european,NDXP260821C34000000,call,2026-08-13,29742.599609375,34000.0,2026-08-21,0.03707000017166138,0.007,0.12500875,0.95,0.0,0.0,0.0,12.0,0.0,yahoo,0.3153769494594297,True
NDX,european,NDX260821C40000000,call,2026-08-13,29742.599609375,40000.0,2026-08-21,0.03707000017166138,0.007,0.2500075,0.5,0.0,0.0,0.0,16.0,0.0,yahoo,0.6161915608191272,True
NDX,european,NDX260821P19000000,put,2026-08-13,29742.599609375,19000.0,2026-08-21,0.03707000017166138,0.007,0.500005,1.0,0.0,0.0,0.0,5.0,0.0,yahoo,0.9848763021977617,True
NDX,european,NDX260821P19500000,put,2026-08-13,29742.599609375,19500.0,2026-08-21,0.03707000017166138,0.007,0.500005,2.37,0.0,0.0,0.0,10.0,0.0,yahoo,1.0053440224995631,True
NDX,european,NDX260821P21400000,put,2026-08-13,29742.599609375,21400.0,2026-08-21,0.03707000017166138,0.007,0.2500075,21.23,0.0,0.0,0.0,5.0,0.0,yahoo,1.032911179113909,True
NDX,european,NDX260821P21500000,put,2026-08-13,29742.599609375,21500.0,2026-08-21,0.03707000017166138,0.007,0.2500075,21.03,0.0,0.0,0.0,10.0,0.0,yahoo,1.018654784923285,True
NDX,european,NDX260821P22400000,put,2026-08-13,29742.599609375,22400.0,2026-08-21,0.03707000017166138,0.007,0.2500075,3.42,0.0,0.0,0.0,63.0,0.0,yahoo,0.723772687510451,True
NDX,european,NDX260821P22500000,put,2026-08-13,29742.599609375,22500.0,2026-08-21,0.03707000017166138,0.007,0.2500075,21.3,0.0,0.0,0.0,20.0,0.0,yahoo,0.8940649267438641,True
NDX,european,NDX260821P23000000,put,2026-08-13,29742.599609375,23000.0,2026-08-21,0.03707000017166138,0.007,0.2500075,0.5,0.0,0.0,0.0,27.0,0.0,yahoo,0.5548568155142457,True
NDX,european,NDX260821P23200000,put,2026-08-13,29742.599609375,23200.0,2026-08-21,0.03707000017166138,0.007,0.2500075,36.4,0.0,0.0,0.0,5.0,0.0,yahoo,0.8792061116514522,True
NDX,european,NDX260821P23300000,put,2026-08-13,29742.599609375,23300.0,2026-08-21,0.03707000017166138,0.007,0.2500075,4.37,0.0,0.0,0.0,10.0,0.0,yahoo,0.6491232659747147,True
NDX,european,NDX260821P23700000,put,2026-08-13,29742.599609375,23700.0,2026-08-21,0.03707000017166138,0.007,0.2500075,5.67,0.0,0.0,0.0,63.0,0.0,yahoo,0.6267631717118798,True
NDX,european,NDX260821P23900000,put,2026-08-13,29742.599609375,23900.0,2026-08-21,0.03707000017166138,0.007,0.2500075,2.85,0.0,0.0,0.0,57.0,0.0,yahoo,0.561255266041276,True
NDX,european,NDX260821P24000000,put,2026-08-13,29742.599609375,24000.0,2026-08-21,0.03707000017166138,0.007,0.2500075,3.1,0.0,0.0,0.0,57.0,0.0,yahoo,0.556519189261777,True
NDX,european,NDX260821P24300000,put,2026-08-13,29742.599609375,24300.0,2026-08-21,0.03707000017166138,0.007,0.2500075,9.0,0.0,0.0,0.0,6.0,0.0,yahoo,0.5983934013603115,True
NDX,european,NDXP260821P24600000,put,2026-08-13,29742.599609375,24600.0,2026-08-21,0.03707000017166138,0.007,0.2500075,1.34,0.0,0.0,0.0,11.0,0.0,yahoo,0.45763794174636196,True
NDX,european,NDX260821P24900000,put,2026-08-13,29742.599609375,24900.0,2026-08-21,0.03707000017166138,0.007,0.2500075,4.77,0.0,0.0,0.0,6.0,0.0,yahoo,0.4935479108763703,True
NDX,european,NDX260821P26300000,put,2026-08-13,29742.599609375,26300.0,2026-08-21,0.03707000017166138,0.007,0.12500875,22.6,0.0,0.0,0.0,50.0,0.0,yahoo,0.44852206597170624,True
NDX,european,NDX260821P26450000,put,2026-08-13,29742.599609375,26450.0,2026-08-21,0.03707000017166138,0.007,0.12500875,133.1,0.0,0.0,0.0,55.0,0.0,yahoo,0.6366802863860087,True
NDX,european,NDX260821P26500000,put,2026-08-13,29742.599609375,26500.0,2026-08-21,0.03707000017166138,0.007,0.12500875,3.4,0.0,0.0,0.0,25.0,0.0,yahoo,0.3235116857636407,True
NDX,european,NDXP260821P26600000,put,2026-08-13,29742.599609375,26600.0,2026-08-21,0.03707000017166138,0.007,0.12500875,4.23,0.0,0.0,0.0,5.0,0.0,yahoo,0.32272524013653425,True
NDX,european,NDX260821P26700000,put,2026-08-13,29742.599609375,26700.0,2026-08-21,0.03707000017166138,0.007,0.12500875,14.1,0.0,0.0,0.0,28.0,0.0,yahoo,0.3715448342068242,True
NDX,european,NDX260821P26975000,put,2026-08-13,29742.599609375,26975.0,2026-08-21,0.03707000017166138,0.007,0.12500875,18.45,0.0,0.0,0.0,6.0,0.0,yahoo,0.3574551000754789,True
NDX,european,NDX260821P27075000,put,2026-08-13,29742.599609375,27075.0,2026-08-21,0.03707000017166138,0.007,0.12500875,4.65,0.0,0.0,0.0,6.0,0.0,yahoo,0.28099019777077505,True
NDX,european,NDX260821P27200000,put,2026-08-13,29742.599609375,27200.0,2026-08-21,0.03707000017166138,0.007,0.12500875,5.7,0.0,0.0,0.0,25.0,0.0,yahoo,0.27650098451968774,True
NDX,european,NDX260821P27375000,put,2026-08-13,29742.599609375,27375.0,2026-08-21,0.03707000017166138,0.007,0.062509375,50.6,0.0,0.0,0.0,51.0,0.0,yahoo,0.38370547925120907,True
NDX,european,NDX260821P27500000,put,2026-08-13,29742.599609375,27500.0,2026-08-21,0.03707000017166138,0.007,0.062509375,7.85,0.0,0.0,0.0,14.0,0.0,yahoo,0.25887448410963015,True
NDX,european,NDX260821P27700000,put,2026-08-13,29742.599609375,27700.0,2026-08-21,0.03707000017166138,0.007,0.062509375,9.6,0.0,0.0,0.0,26.0,0.0,yahoo,0.2461364550214049,True
NDX,european,NDX260821P27775000,put,2026-08-13,29742.599609375,27775.0,2026-08-21,0.03707000017166138,0.007,0.062509375,23.92,0.0,0.0,0.0,10.0,0.0,yahoo,0.28078487842530897,True
NDX,european,NDX260821P27850000,put,2026-08-13,29742.599609375,27850.0,2026-08-21,0.03707000017166138,0.007,0.062509375,13.2,0.0,0.0,0.0,10.0,0.0,yahoo,0.2431631596923383,True
NDX,european,NDX260821P27975000,put,2026-08-13,29742.599609375,27975.0,2026-08-21,0.03707000017166138,0.007,0.062509375,13.75,0.0,0.0,0.0,6.0,0.0,yahoo,0.23116624405838368,True
NDX,european,NDX260821P28000000,put,2026-08-13,29742.599609375,28000.0,2026-08-21,0.03707000017166138,0.007,0.062509375,18.0,0.0,0.0,0.0,14.0,0.0,yahoo,0.2401454173808812,True
NDX,european,NDXP260821P28050000,put,2026-08-13,29742.599609375,28050.0,2026-08-21,0.03707000017166138,0.007,0.062509375,17.95,0.0,0.0,0.0,10.0,0.0,yahoo,0.23429590616513224,True
NDX,european,NDXP260821P28100000,put,2026-08-13,29742.599609375,28100.0,2026-08-21,0.03707000017166138,0.007,0.062509375,23.22,0.0,0.0,0.0,5.0,0.0,yahoo,0.24070110355728258,True
NDX,european,NDXP260821P28175000,put,2026-08-13,29742.599609375,28175.0,2026-08-21,0.03707000017166138,0.007,0.062509375,22.45,0.0,0.0,0.0,7.0,0.0,yahoo,0.23013078362466707,True
NDX,european,NDXP260821P28200000,put,2026-08-13,29742.599609375,28200.0,2026-08-21,0.03707000017166138,0.007,0.062509375,27.02,0.0,0.0,0.0,5.0,0.0,yahoo,0.23634802605395452,True
NDX,european,NDX260821P28300000,put,2026-08-13,29742.599609375,28300.0,2026-08-21,0.03707000017166138,0.007,0.062509375,22.1,0.0,0.0,0.0,12.0,0.0,yahoo,0.2145065693097409,True
NDX,european,NDXP260821P28600000,put,2026-08-13,29742.599609375,28600.0,2026-08-21,0.03707000017166138,0.007,0.0312596875,41.25,0.0,0.0,0.0,5.0,0.0,yahoo,0.20775632272898858,True
NDX,european,NDX260821P28700000,put,2026-08-13,29742.599609375,28700.0,2026-08-21,0.03707000017166138,0.007,0.0312596875,45.7,0.0,0.0,0.0,13.0,0.0,yahoo,0.19982338651605613,True
NDX,european,NDXP260821P28725000,put,2026-08-13,29742.599609375,28725.0,2026-08-21,0.03707000017166138,0.007,0.0312596875,49.25,0.0,0.0,0.0,10.0,0.0,yahoo,0.20061845587879826,True
NDX,european,NDX260821P28900000,put,2026-08-13,29742.599609375,28900.0,2026-08-21,0.03707000017166138,0.007,0.0312596875,273.38,0.0,0.0,0.0,8.0,0.0,yahoo,0.3523332677302168,True
NDX,european,NDX260821P29000000,put,2026-08-13,29742.599609375,29000.0,2026-08-21,0.03707000017166138,0.007,0.0312596875,75.0,0.0,0.0,0.0,17.0,0.0,yahoo,0.18591429129313614,True
NDX,european,NDXP260821P29100000,put,2026-08-13,29742.599609375,29100.0,2026-08-21,0.03707000017166138,0.007,0.0312596875,99.0,0.0,0.0,0.0,20.0,0.0,yahoo,0.18965583705926456,True
NDX,european,NDX260821P29200000,put,2026-08-13,29742.599609375,29200.0,2026-08-21,0.03707000017166138,0.007,0.015634843750000002,104.3,0.0,0.0,0.0,50.0,0.0,yahoo,0.1763367321203378,True
NDX,european,NDX260821P29225000,put,2026-08-13,29742.599609375,29225.0,2026-08-21,0.03707000017166138,0.007,0.015634843750000002,362.42,0.0,0.0,0.0,9.0,0.0,yahoo,0.3404723736948836,True
NDX,european,NDX260821P29250000,put,2026-08-13,29742.599609375,29250.0,2026-08-21,0.03707000017166138,0.007,0.015634843750000002,119.0,0.0,0.0,0.0,6.0,0.0,yahoo,0.17803081767309162,True
NDX,european,NDXP260821P29600000,put,2026-08-13,29742.599609375,29600.0,2026-08-21,0.03707000017166138,0.007,0.007822421875,240.0,0.0,0.0,0.0,7.0,0.0,yahoo,0.1795058736735851,True
NDX,european,NDX260821P29625000,put,2026-08-13,29742.599609375,29625.0,2026-08-21,0.03707000017166138,0.007,0.0039162109375,403.4,0.0,0.0,0.0,11.0,0.0,yahoo,0.26752372003464375,True
NDX,european,NDX260821P29650000,put,2026-08-13,29742.599609375,29650.0,2026-08-21,0.03707000017166138,0.007,0.0039162109375,361.8,0.0,0.0,0.0,12.0,0.0,yahoo,0.23699734003196823,True
NDX,european,NDX260821P29725000,put,2026-08-13,29742.599609375,29725.0,2026-08-21,0.03707000017166138,0.007,0.000986552734375,277.0,0.0,0.0,0.0,5.0,0.0,yahoo,0.16819098860071713,True
NDX,european,NDX260821P29750000,put,2026-08-13,29742.599609375,29750.0,2026-08-21,0.03707000017166138,0.007,1.0000000000000003e-05,298.0,0.0,0.0,0.0,8.0,0.0,yahoo,0.17315691347412385,True
NDX,european,NDXP260824C29700000,call,2026-08-13,29742.599609375,29700.0,2026-08-24,0.03707000017166138,0.007,1.0000000000000003e-05,309.0,0.0,0.0,0.0,8.0,0.0,yahoo,0.13264563353255931,True
NDX,european,NDXP260824C29800000,call,2026-08-13,29742.599609375,29800.0,2026-08-24,0.03707000017166138,0.007,0.00196310546875,336.37,0.0,0.0,0.0,6.0,0.0,yahoo,0.17052984526021384,True
NDX,european,NDXP260824P27000000,put,2026-08-13,29742.599609375,27000.0,2026-08-24,0.03707000017166138,0.007,0.062509375,17.75,0.0,0.0,0.0,41.0,0.0,yahoo,0.3010611406164298,True
NDX,european,NDXP260824P28050000,put,2026-08-13,29742.599609375,28050.0,2026-08-24,0.03707000017166138,0.007,0.062509375,55.2,0.0,0.0,0.0,5.0,0.0,yahoo,0.2577791141188407,True
NDX,european,NDXP260825C29400000,call,2026-08-13,29742.599609375,29400.0,2026-08-25,0.03707000017166138,0.007,1.0000000000000003e-05,481.0,0.0,0.0,0.0,5.0,0.0,yahoo,0.11836147435585911,True
NDX,european,NDXP260825P25800000,put,2026-08-13,29742.599609375,25800.0,2026-08-25,0.03707000017166138,0.007,0.12500875,6.3,0.0,0.0,0.0,5.0,0.0,yahoo,0.3433083626207976,True
NDX,european,NDXP260825P27800000,put,2026-08-13,29742.599609375,27800.0,2026-08-25,0.03707000017166138,0.007,0.062509375,27.06,0.0,0.0,0.0,7.0,0.0,yahoo,0.23352374240478763,True
NDX,european,NDXP260825P29200000,put,2026-08-13,29742.599609375,29200.0,2026-08-25,0.03707000017166138,0.007,0.015634843750000002,259.97,0.0,0.0,0.0,5.0,0.0,yahoo,0.2318973788924212,True
NDX,european,NDXP260825P29250000,put,2026-08-13,29742.599609375,29250.0,2026-08-25,0.03707000017166138,0.007,0.015634843750000002,276.17,0.0,0.0,0.0,5.0,0.0,yahoo,0.23156835463250633,True
NDX,european,NDXP260826C30600000,call,2026-08-13,29742.599609375,30600.0,2026-08-26,0.03707000017166138,0.007,0.0312596875,97.69,0.0,0.0,0.0,60.0,0.0,yahoo,0.16474727205564554,True
NDX,european,NDXP260826P27000000,put,2026-08-13,29742.599609375,27000.0,2026-08-26,0.03707000017166138,0.007,0.062509375,16.7,0.0,0.0,0.0,5.0,0.0,yahoo,0.2744515536112344,True
NDX,european,NDXP260827C30200000,call,2026-08-13,29742.599609375,30200.0,2026-08-27,0.03707000017166138,0.007,0.015634843750000002,273.2,0.0,0.0,0.0,5.0,0.0,yahoo,0.1938292049145947,True
NDX,european,NDXP260828C29800000,call,2026-08-13,29742.599609375,29800.0,2026-08-28,0.03707000017166138,0.007,0.00196310546875,469.9,0.0,0.0,0.0,7.0,0.0,yahoo,0.1996047634740024,True
NDX,european,NDXP260828C30200000,call,2026-08-13,29742.599609375,30200.0,2026-08-28,0.03707000017166138,0.007,0.015634843750000002,373.06,0.0,0.0,0.0,98.0,0.0,yahoo,0.23047808385139196,True
NDX,european,NDXP260828C30400000,call,2026-08-13,29742.599609375,30400.0,2026-08-28,0.03707000017166138,0.007,0.015634843750000002,185.9,0.0,0.0,0.0,27.0,0.0,yahoo,0.17531841880451202,True
NDX,european,NDXP260828C31400000,call,2026-08-13,29742.599609375,31400.0,2026-08-28,0.03707000017166138,0.007,0.0312596875,45.25,0.0,0.0,0.0,26.0,0.0,yahoo,0.18977355932378073,True
NDX,european,NDXP260828C32600000,call,2026-08-13,29742.599609375,32600.0,2026-08-28,0.03707000017166138,0.007,0.062509375,5.31,0.0,0.0,0.0,15.0,0.0,yahoo,0.19846423425646442,True
NDX,european,NDXP260828C33500000,call,2026-08-13,29742.599609375,33500.0,2026-08-28,0.03707000017166138,0.007,0.12500875,2.5,0.0,0.0,0.0,27.0,0.0,yahoo,0.22778342378821134,True
NDX,european,NDXP260828C34500000,call,2026-08-13,29742.599609375,34500.0,2026-08-28,0.03707000017166138,0.007,0.12500875,1.56,0.0,0.0,0.0,14.0,0.0,yahoo,0.26428991477266334,True
NDX,european,NDXP260828P23800000,put,2026-08-13,29742.599609375,23800.0,2026-08-28,0.03707000017166138,0.007,0.12500875,58.0,0.0,0.0,0.0,12.0,0.0,yahoo,0.6381916722972298,True
NDX,european,NDXP260828P24200000,put,2026-08-13,29742.599609375,24200.0,2026-08-28,0.03707000017166138,0.007,0.12500875,3.91,0.0,0.0,0.0,6.0,0.0,yahoo,0.4033631441178646,True
NDX,european,NDXP260828P24400000,put,2026-08-13,29742.599609375,24400.0,2026-08-28,0.03707000017166138,0.007,0.12500875,4.11,0.0,0.0,0.0,8.0,0.0,yahoo,0.39114109416057474,True
NDX,european,NDXP260828P24600000,put,2026-08-13,29742.599609375,24600.0,2026-08-28,0.03707000017166138,0.007,0.12500875,9.4,0.0,0.0,0.0,6.0,0.0,yahoo,0.4170894392954013,True
NDX,european,NDXP260828P24800000,put,2026-08-13,29742.599609375,24800.0,2026-08-28,0.03707000017166138,0.007,0.12500875,10.4,0.0,0.0,0.0,6.0,0.0,yahoo,0.4070167990530667,True
NDX,european,NDXP260828P25400000,put,2026-08-13,29742.599609375,25400.0,2026-08-28,0.03707000017166138,0.007,0.12500875,32.15,0.0,0.0,0.0,5.0,0.0,yahoo,0.43018030627923937,True
NDX,european,NDXP260828P26400000,put,2026-08-13,29742.599609375,26400.0,2026-08-28,0.03707000017166138,0.007,0.12500875,15.9,0.0,0.0,0.0,16.0,0.0,yahoo,0.30210555038511777,True
NDX,european,NDXP260828P26500000,put,2026-08-13,29742.599609375,26500.0,2026-08-28,0.03707000017166138,0.007,0.12500875,17.2,0.0,0.0,0.0,13.0,0.0,yahoo,0.2978412497424496,True
NDX,european,NDXP260828P27000000,put,2026-08-13,29742.599609375,27000.0,2026-08-28,0.03707000017166138,0.007,0.062509375,25.2,0.0,0.0,0.0,104.0,0.0,yahoo,0.27530897293609874,True
NDX,european,NDXP260828P27050000,put,2026-08-13,29742.599609375,27050.0,2026-08-28,0.03707000017166138,0.007,0.062509375,45.4,0.0,0.0,0.0,6.0,0.0,yahoo,0.3052063176284184,True
NDX,european,NDXP260828P27500000,put,2026-08-13,29742.599609375,27500.0,2026-08-28,0.03707000017166138,0.007,0.062509375,44.4,0.0,0.0,0.0,8.0,0.0,yahoo,0.2618128905669314,True
NDX,european,NDXP260828P27800000,put,2026-08-13,29742.599609375,27800.0,2026-08-28,0.03707000017166138,0.007,0.062509375,52.85,0.0,0.0,0.0,11.0,0.0,yahoo,0.24360950014929347,True
NDX,european,NDXP260828P28000000,put,2026-08-13,29742.599609375,28000.0,2026-08-28,0.03707000017166138,0.007,0.062509375,64.1,0.0,0.0,0.0,22.0,0.0,yahoo,0.23567171072357387,True
NDX,european,NDXP260828P28200000,put,2026-08-13,29742.599609375,28200.0,2026-08-28,0.03707000017166138,0.007,0.0312596875,78.35,0.0,0.0,0.0,11.0,0.0,yahoo,0.2280385687400046,True
NDX,european,NDXP260828P28300000,put,2026-08-13,29742.599609375,28300.0,2026-08-28,0.03707000017166138,0.007,0.0312596875,84.6,0.0,0.0,0.0,5.0,0.0,yahoo,0.22253040512362612,True
NDX,european,NDXP260828P28800000,put,2026-08-13,29742.599609375,28800.0,2026-08-28,0.03707000017166138,0.007,0.0312596875,143.97,0.0,0.0,0.0,142.0,0.0,yahoo,0.20448161959403988,True
NDX,european,NDXP260828P29000000,put,2026-08-13,29742.599609375,29000.0,2026-08-28,0.03707000017166138,0.007,0.015634843750000002,179.04,0.0,0.0,0.0,71.0,0.0,yahoo,0.1976325525984994,True
NDX,european,NDXP260831C28800000,call,2026-08-13,29742.599609375,28800.0,2026-08-31,0.03707000017166138,0.007,1.0000000000000003e-05,1115.0,0.0,0.0,0.0,5.0,0.0,yahoo,0.17993744410342769,True
NDX,european,NDXP260831C28950000,call,2026-08-13,29742.599609375,28950.0,2026-08-31,0.03707000017166138,0.007,1.0000000000000003e-05,1057.05,0.0,0.0,0.0,15.0,0.0,yahoo,0.2078594376150151,True
NDX,european,NDXP260831C30900000,call,2026-08-13,29742.599609375,30900.0,2026-08-31,0.03707000017166138,0.007,0.0312596875,198.52,0.0,0.0,0.0,7.0,0.0,yahoo,0.22238875484630072,True
NDX,european,NDXP260831C31500000,call,2026-08-13,29742.599609375,31500.0,2026-08-31,0.03707000017166138,0.007,0.0312596875,91.0,0.0,0.0,0.0,9.0,0.0,yahoo,0.2180355840086881,True
NDX,european,NDXP260831C31700000,call,2026-08-13,29742.599609375,31700.0,2026-08-31,0.03707000017166138,0.007,0.062509375,27.45,0.0,0.0,0.0,14.0,0.0,yahoo,0.17483163760566048,True
NDX,european,NDXP260831C32000000,call,2026-08-13,29742.599609375,32000.0,2026-08-31,0.03707000017166138,0.007,0.062509375,19.1,0.0,0.0,0.0,5.0,0.0,yahoo,0.18216523190238376,True
NDX,european,NDXP260831C32500000,call,2026-08-13,29742.599609375,32500.0,2026-08-31,0.03707000017166138,0.007,0.062509375,9.4,0.0,0.0,0.0,7.0,0.0,yahoo,0.19030273890215835,True
NDX,european,NDXP260831C32800000,call,2026-08-13,29742.599609375,32800.0,2026-08-31,0.03707000017166138,0.007,0.062509375,24.82,0.0,0.0,0.0,5.0,0.0,yahoo,0.24285225553603454,True
NDX,european,NDXP260831C35000000,call,2026-08-13,29742.599609375,35000.0,2026-08-31,0.03707000017166138,0.007,0.12500875,1.5,0.0,0.0,0.0,43.0,0.0,yahoo,0.2608969642266316,True
NDX,european,NDXP260831P21500000,put,2026-08-13,29742.599609375,21500.0,2026-08-31,0.03707000017166138,0.007,0.2500075,4.4,0.0,0.0,0.0,9.0,0.0,yahoo,0.561568692626371,True
NDX,european,NDXP260831P24000000,put,2026-08-13,29742.599609375,24000.0,2026-08-31,0.03707000017166138,0.007,0.12500875,12.0,0.0,0.0,0.0,6.0,0.0,yahoo,0.43827994025100686,True
NDX,european,NDXP260831P24500000,put,2026-08-13,29742.599609375,24500.0,2026-08-31,0.03707000017166138,0.007,0.12500875,15.0,0.0,0.0,0.0,6.0,0.0,yahoo,0.4142472252579447,True
NDX,european,NDXP260831P27700000,put,2026-08-13,29742.599609375,27700.0,2026-08-31,0.03707000017166138,0.007,0.062509375,160.0,0.0,0.0,0.0,14.0,0.0,yahoo,0.3182190246752868,True
NDX,european,NDXP260831P28050000,put,2026-08-13,29742.599609375,28050.0,2026-08-31,0.03707000017166138,0.007,0.0312596875,159.7,0.0,0.0,0.0,10.0,0.0,yahoo,0.28024325673992145,True
NDX,european,NDXP260831P28700000,put,2026-08-13,29742.599609375,28700.0,2026-08-31,0.03707000017166138,0.007,0.0312596875,224.85,0.0,0.0,0.0,5.0,0.0,yahoo,0.2408131373339733,True
NDX,european,NDXP260831P29000000,put,2026-08-13,29742.599609375,29000.0,2026-08-31,0.03707000017166138,0.007,0.015634843750000002,214.2,0.0,0.0,0.0,7.0,0.0,yahoo,0.197877035157961,True
NDX,european,NDXP260831P29300000,put,2026-08-13,29742.599609375,29300.0,2026-08-31,0.03707000017166138,0.007,0.015634843750000002,284.67,0.0,0.0,0.0,5.0,0.0,yahoo,0.18747052878864257,True
NDX,european,NDXP260831P29400000,put,2026-08-13,29742.599609375,29400.0,2026-08-31,0.03707000017166138,0.007,0.007822421875,314.92,0.0,0.0,0.0,5.0,0.0,yahoo,0.18481651134129098,True
NDX,european,NDXP260831P29500000,put,2026-08-13,29742.599609375,29500.0,2026-08-31,0.03707000017166138,0.007,0.007822421875,353.44,0.0,0.0,0.0,6.0,0.0,yahoo,0.18431119489430503,True
NDX,european,NDXP260901C32000000,call,2026-08-13,29742.599609375,32000.0,2026-09-01,0.03707000017166138,0.007,0.062509375,30.7,0.0,0.0,0.0,5.0,0.0,yahoo,0.19437324263795158,True
NDX,european,NDXP260901P27200000,put,2026-08-13,29742.599609375,27200.0,2026-09-01,0.03707000017166138,0.007,0.062509375,75.47,0.0,0.0,0.0,6.0,0.0,yahoo,0.2925362183560094,True
